waktu_menit,baseline_galat_persen,adaptif_galat_persen
0,2.0000000000,2.0000000000
1,2.0000000000,2.0000000000
2,2.0000000000,2.0000000000
3,2.0000000000,2.0000000000
4,2.0000000000,2.0000000000
5,2.0000000000,2.0000000000
6,2.0000000000,2.0000000000
7,2.0000000000,2.0000000000
8,2.0000000000,2.0000000000
9,2.0000000000,2.0000000000
10,2.0000000000,2.0000000000
11,2.0000000000,2.0000000000
12,2.0000000000,2.0000000000
13,2.0000000000,2.0000000000
14,2.0000000000,2.0000000000
15,2.0000000000,2.0000000000
16,2.0000000000,2.0000000000
17,2.0000000000,2.0000000000
18,2.0000000000,2.0000000000
19,2.0000000000,2.0000000000
20,16.0000000000,16.0000000000
21,15.2434325647,13.8507441485
22,14.5277504354,12.0314383480
23,13.8507441485,10.4914292360
24,13.2103236408,9.1878396665
25,12.6045117976,8.0843749191
26,12.0314383480,7.1503121764
27,11.4893340921,6.3596451348
28,10.9765254380,5.6903599336
29,10.4914292360,5.1238222421
30,10.0325478903,4.6442584397
31,9.5984647363,4.2383164451
32,9.1878396665,3.8946939653
33,8.7994049935,3.6038238159
34,8.4319615365,3.3576075501
35,8.0843749191,3.1491899807
36,7.7555720671,2.9727683171
37,7.4445378958,2.8234306030
38,7.1503121764,2.6970189572
39,6.8719865711,2.5900138091
40,6.6087018293,2.4994359069
41,6.3596451348,2.4227633679
42,6.1240475963,2.3578614649
43,5.9011818740,2.3029231901
44,5.6903599336,2.2564189444
45,5.4909309229,2.2170539504
46,5.3022791618,2.1837322023
47,5.1238222421,2.1555259515
48,4.9550092291,2.1316498757
49,4.7953189610,2.1114392139
50,4.6442584397,2.0943312580
51,4.5013613093,2.0798496860
52,4.3661864157,2.0675912999
53,4.2383164451,2.0572148001
54,4.1173566357,2.0484312827
55,4.0029335586,2.0409961957
56,3.8946939653,2.0347025305
57,3.7923036972,2.0293750579
58,3.6954466535,2.0248654496
59,3.6038238159,2.0210481487
60,3.5171523251,2.0178168732
